"%1 already has an active account.","%1 already has an active account."
"%name,","%name,"
"-- Please Select --","-- Please Select --"
"A password reset link has been sent to %1.","A password reset link has been sent to %1."
"A user with the same user name or e-mail address already exists.","A user with the same user name or e-mail address already exists."
"Account Access","Account Access"
"Administrator Invitations","Administrator Invitations"
"After this time the link stops working and the invitation has to be sent again. Password reset links use ""Recovery Link Expiration Period"" from Advanced > Admin > Security.","After this time the link stops working and the invitation has to be sent again. Password reset links use ""Recovery Link Expiration Period"" from Advanced > Admin > Security."
"An administrator has sent you a link to set a new password for the %store_name administration panel. Choose it yourself; nobody else sees it.","An administrator has sent you a link to set a new password for the %store_name administration panel. Choose it yourself; nobody else sees it."
"An administrator with the e-mail address %1 already exists.","An administrator with the e-mail address %1 already exists."
"An entropy estimate of the password, the same as Symfony's PasswordStrength constraint. Length alone lets ""aaaaaaaaaaaa"" through; this does not.","An entropy estimate of the password, the same as Symfony's PasswordStrength constraint. Length alone lets ""aaaaaaaaaaaa"" through; this does not."
"Apply to All Administrator Password Changes","Apply to All Administrator Password Changes"
"Asks the haveibeenpwned.com API with the first five characters of the password's SHA-1 hash; the password itself never leaves the server. If the API cannot be reached, the password is accepted.","Asks the haveibeenpwned.com API with the first five characters of the password's SHA-1 hash; the password itself never leaves the server. If the API cannot be reached, the password is accepted."
"At least %1 characters and hard to guess: mix upper and lower case letters, digits and symbols.","At least %1 characters and hard to guess: mix upper and lower case letters, digits and symbols."
"At least 8. Magento's own rule (7 characters, letters and digits) still applies on top.","At least 8. Magento's own rule (7 characters, letters and digits) still applies on top."
"Back to Sign in","Back to Sign in"
"Back to your details","Back to your details"
"Calmfox","Calmfox"
"Cancel","Cancel"
"Confirm Password","Confirm Password"
"Continue","Continue"
"E-mail address","E-mail address"
"E-mails","E-mails"
"First Name","First Name"
"Generate a secure password","Generate a secure password"
"Generated Password Length","Generated Password Length"
"Generated password","Generated password"
"Hello,","Hello,"
"If you did not expect this e-mail, you can ignore it — your current password keeps working.","If you did not expect this e-mail, you can ignore it — your current password keeps working."
"If you were not expecting this e-mail, you can ignore it.","If you were not expecting this e-mail, you can ignore it."
"Interface Locale","Interface Locale"
"Invalid Form Key. Please refresh the page.","Invalid Form Key. Please refresh the page."
"Invitation Link Validity (days)","Invitation Link Validity (days)"
"Invitation Template","Invitation Template"
"Invitations","Invitations"
"Invite Administrator","Invite Administrator"
"Last Name","Last Name"
"Length of the password the ""Generate a secure password"" button suggests (12 to 64).","Length of the password the ""Generate a secure password"" button suggests (12 to 64)."
"Medium","Medium"
"Minimum Length","Minimum Length"
"Minimum Strength","Minimum Strength"
"Password","Password"
"Password Policy","Password Policy"
"Password Reset Link Template","Password Reset Link Template"
"Please choose a role for the new administrator.","Please choose a role for the new administrator."
"Please enter a password.","Please enter a password."
"Please enter a user name.","Please enter a user name."
"Please enter a valid e-mail address.","Please enter a valid e-mail address."
"Please enter your first name.","Please enter your first name."
"Please enter your last name.","Please enter your last name."
"Reject Passwords Found in Data Breaches","Reject Passwords Found in Data Breaches"
"Save and sign in","Save and sign in"
"Save it in your password manager before you continue.","Save it in your password manager before you continue."
"Send Invitation","Send Invitation"
"Send a password reset link","Send a password reset link"
"Send a password reset link to %1?","Send a password reset link to %1?"
"Send the invitation again","Send the invitation again"
"Send the invitation to %1 again?","Send the invitation to %1 again?"
"Send this administrator an e-mail with a link to set a new password themselves. Their current password keeps working until they use it.","Send this administrator an e-mail with a link to set a new password themselves. Their current password keeps working until they use it."
"Sender","Sender"
"Sent when another administrator clicks ""Send a password reset link"". Variables: user, reset_url, valid_until, store.","Sent when another administrator clicks ""Send a password reset link"". Variables: user, reset_url, valid_until, store."
"Set a new password","Set a new password"
"Set a new password for the %1 administration panel","Set a new password for the %1 administration panel"
"Set up your account","Set up your account"
"Something went wrong while saving your account. Please try again.","Something went wrong while saving your account. Please try again."
"Something went wrong while sending the access link.","Something went wrong while sending the access link."
"Strong (recommended)","Strong (recommended)"
"The account for %1 was created, but the invitation could not be sent. Check the mail configuration and send it again from the user's page or with: bin/magento calmfox:admin:invite %1","The account for %1 was created, but the invitation could not be sent. Check the mail configuration and send it again from the user's page or with: bin/magento calmfox:admin:invite %1"
"The account is created inactive and without a password until the invitation is accepted.","The account is created inactive and without a password until the invitation is accepted."
"The e-mail to %1 could not be sent. Check the mail settings.","The e-mail to %1 could not be sent. Check the mail settings."
"The invitation has been sent to %1 again.","The invitation has been sent to %1 again."
"The invitation has been sent to %1.","The invitation has been sent to %1."
"The language of the invitation e-mail and of the panel, until the invitee changes it.","The language of the invitation e-mail and of the panel, until the invitee changes it."
"The link works until %date.","The link works until %date."
"The link works until %date. After that, ask for a new invitation.","The link works until %date. After that, ask for a new invitation."
"The passwords do not match.","The passwords do not match."
"This administrator has not accepted the invitation yet. You can send it again with a new link.","This administrator has not accepted the invitation yet. You can send it again with a new link."
"This administrator no longer exists.","This administrator no longer exists."
"This invitation link has expired or has already been used. Ask an administrator to invite you again.","This invitation link has expired or has already been used. Ask an administrator to invite you again."
"This is what you will sign in with.","This is what you will sign in with."
"This password has appeared in a data breach. Please choose a different one.","This password has appeared in a data breach. Please choose a different one."
"This password is too easy to guess. Make it longer and mix letters, digits and symbols, or use the generator.","This password is too easy to guess. Make it longer and mix letters, digits and symbols, or use the generator."
"User Name","User Name"
"User Role","User Role"
"Users","Users"
"Variables: user, invitation_url, valid_until, store.","Variables: user, invitation_url, valid_until, store."
"Very strong","Very strong"
"We will e-mail a link to this address. The invitee sets their own name and a strong password, and then lands in the panel already signed in.","We will e-mail a link to this address. The invitee sets their own name and a strong password, and then lands in the panel already signed in."
"Weak","Weak"
"Welcome! Your account is ready.","Welcome! Your account is ready."
"Yes: the policy also applies to ""Forgot your password?"", Account Setting and the user form in System > All Users. No: only to passwords set through an invitation.","Yes: the policy also applies to ""Forgot your password?"", Account Setting and the user form in System > All Users. No: only to passwords set through an invitation."
"You have been invited to the %1 administration panel","You have been invited to the %1 administration panel"
"You have been invited to the administration panel as %1.","You have been invited to the administration panel as %1."
"You have been invited to the administration panel of %store_name. Use the button below to choose your name and password; you will be signed in straight away.","You have been invited to the administration panel of %store_name. Use the button below to choose your name and password; you will be signed in straight away."
"Your details","Your details"
"Your e-mail address: %email","Your e-mail address: %email"
"Your password","Your password"
"Your password must be at least %1 characters.","Your password must be at least %1 characters."
